ID,Name,Location,Distance,Cusine Type L1,Cusine Type L2,Cusine Type L3,Website,Google,UberEats,Instagram,TikTok,Facebook,YouTube,TripAdvisor,TheFork,Alc. Cocktail AVG Price,One-serv. Dish AVG Price,Hours
BAR/3,Cocktail Bar Alicante - FLORIPA,"C. Bazán, 24, 03001 Alicante, Spain",0,0,0,0,0,https://maps.app.goo.gl/PT6s93V3n67ZytWn9,0,0,0,0,0,0,0,0,0,0
BAR/4,Coctelería Favorite Place,"Carrer Castaños, 14, 03001 Alacant, Alicante, Spain",0,0,0,0,0,https://maps.app.goo.gl/a83EjTs1zpW9sWjb8,0,0,0,0,0,0,0,0,0,0
BAR/5,Syrah Wine Bar,"Carrer Castaños, 7, 03001 Alacant, Alicante, Spain",0,0,0,0,0,https://maps.app.goo.gl/sWArfXT1HCRJ18EM6,0,0,0,0,0,0,0,0
BAR/6,Pub Lamamba,"Carrer Castaños, 22, 03001 Alacant, Alicante, Spain",0,0,0,0,0,https://maps.app.goo.gl/GKUkHyS5tqkceod5A,0,0,0,0,0,0,0,0,0,0
BAR/7,Nic Combinados Y Cocteles,"Carrer Castaños, 22, 03001 Alacant, Alicante, Spain",0,0,0,0,0,https://maps.app.goo.gl/VepsuVhe8KPUHePx5,0,0,0,0,0,0,0,0,0,0